author_id,created_at,text
116003,06_06_2022_23_05,"@AskPlayStation compre una tarjeta de 50$, la met√≠ y no se me acreditaron los 50$, me sale que revise los t√©rminos. ¬øQue hago?"
AskPlayStation,06_06_2022_23_05,"@116004 Very odd. Please turn off the console and disconnect all the cables from it for 3 minutes, then try again."
116004,06_06_2022_23_05,Yo my PS4 has been turning on by itself recently and constantly ejecting the game disc that's in. What the heck is going on? @AskPlayStation
AskPlayStation,06_06_2022_23_05,@116005 Glad to help! We have sent you a Direct Message via Twitter with further instructions.
116005,06_06_2022_23_05,@AskPlayStation My account is telling me to reset my password but i dont know my date of birth but i know my password for the account. help
AskPlayStation,06_06_2022_23_05,"@116006 Hi there, Have you tried accessing this content from your download queue: https://t.co/lyTEIVBTBn
Let us know the results."
116006,06_06_2022_23_05,"@AskPlayStation my psn id quochuy046, can you help me? Or can I email someone a try for help? live chat on web block me? wtf?"
116006,06_06_2022_23_05,"@AskPlayStation I have followed your instructions, but not, my ps4 has set up automatic download, and find in library there is no diablo 3 nercromancer"
116006,06_06_2022_23_05,"@AskPlayStation  i have bought dlc diablo 3 necromancer and hav phys disc D3 ROS but when i click necromaner pack on game , dont download https://t.co/JDdn50e0wo"
AskPlayStation,06_06_2022_23_05,@116007 Please check your DM's for more instructions.
116007,06_06_2022_23_05,"@AskPlayStation Less a billing issue (I updated the exp date in acct), more ps+ wasn't able to renew. How do i make sure it stays current/not lose anything?"
AskPlayStation,06_06_2022_23_05,"@116007 Sorry to hear that! For billing issues, please follow the steps in the next link: https://t.co/7atHEqJw8n"
116007,06_06_2022_23_05,"@AskPlayStation not sure why my CC in my acct had an incorrect date, but my renewal for ps+ failed. How can I correct this?"
AskPlayStation,06_06_2022_23_05,"@116008 Hi there! For assistance please follow us and send us a Direct Message, we look forward to your reply."
116008,06_06_2022_23_05,@AskPlayStation please help
116008,06_06_2022_23_05,@AskPlayStation hi I accidentally bought a psp game on the PlayStation store thinking it was for ps3. I don‚Äôt have a psp. can I return it?
AskPlayStation,06_06_2022_23_05,@116009 Glad to help!  Please follow us via Twitter and let us know so we can send you a Direct Message with further instructions.
116009,06_06_2022_23_05,I preordered the standard edition of cod ww2. Can I change it to deluxe edition somehow @AskPlayStation
AskPlayStation,06_06_2022_23_05,@116010 Sorry to read that. Please check your DMs for assistance.
116010,06_06_2022_23_05,@AskPlayStation someone got to my account and changed the email
HPSupport,06_06_2022_23_05,"@116011 To better assist you, click on the option below and reply. Thanks! ^Anoop 2/2 https://t.co/a2xkfCrUG1"
116011,06_06_2022_23_05,@HPSupport [Laserjet Pro M102w will not print. Drivers install and windows finds printer but I get an error] #hpcswus #hpprnt
HPSupport,06_06_2022_23_05,"@116011 Hey Jacob, I'm here to help! Let's run print and scan doctor: https://t.co/EaeoxKeULN ...1/2"
HPSupport,06_06_2022_23_05,@116012 below and reply. Thanks! ^Anoop 2/2 https://t.co/a2xkfCrUG1
116012,06_06_2022_23_05,@HPSupport Im sending my notebook in for hard drive replacement. Is it alright if I format the drive to factory defaul first? #hpcswus #hppc
HPSupport,06_06_2022_23_05,@116013 Fill the web form using this link to reach them- https://t.co/0jQc5ucYzc Thanks! ^Anoop 2/2 https://t.co/a2xkfCrUG1
116013,06_06_2022_23_05,@HPSupport I would like to speak to a technician #hpsa #hpprnt
HPSupport,06_06_2022_23_05,"@116013 Hey Daniel, I'm here to help! If you wish to speak to someone then you need to contact HP phone support. ...1/2"
ChaseSupport,06_06_2022_23_05,@116014 2/2 to the merchant's site to make the purchase. ^BG
116014,06_06_2022_23_05,"@ChaseSupport Sounds good, thanks!"
116014,06_06_2022_23_05,Hi @ChaseSupport do I have to go through the Chase Online Ultimate Rewards webpage to get the extra cash back when I shop?
ChaseSupport,06_06_2022_23_05,"@116014 1/2 Hello, in order to get the cash back, you'll need to click the link from the Ultimate Rewards website. You'll be routed"
ChaseSupport,06_06_2022_23_05,"@116015 We appreciate the kind words. If you have questions or concerns, please let us know. We're here to help. ^CR"
116015,06_06_2022_23_05,"I've had some ups and downs from banking with Chase, but lately they've been really good to me. So shoutout to you @116016 üëè‚úä"
ChaseSupport,06_06_2022_23_05,@116017 I‚Äôd like to review this further for you. Could you please DM your name &amp; zip code? ^BG https://t.co/znUu1VJn9r
116017,06_06_2022_23_05,Hey @116016 we're gonna need to talk about all these pending charges that keep going through my account 5 days after the transaction was made.... I'm getting real irritated.
ChaseSupport,06_06_2022_23_05,@116018 We're glad we were able to help! ^JG
116018,06_06_2022_23_05,"@ChaseSupport Just got off the phone with them, you guys were great!"
ChaseSupport,06_06_2022_23_05,@116018 Aw! It's our pleasure to help. Let us know if we can be of additional assistance. ^JG
116018,06_06_2022_23_05,@ChaseSupport Thanks guys!
ChaseSupport,06_06_2022_23_05,@116018 We would be happy to look into this for you. Could you DM your name and zip code? ^JG https://t.co/znUu1VJn9r
116018,06_06_2022_23_05,"@ChaseSupport I couldn't find an e-mail online. You have my apartment address but not my number, how can I update that to ensure the card gets to me?"
116018,06_06_2022_23_05,"@ChaseSupport I applied for a credit card and but i was never asked for my apt #, tried calling but couldn't get past your automated system."
CoxHelp,06_06_2022_23_05,"@116019 Hello, this does not sound good.  Can you DM the account name and complete service address? We would like to help.  -Dan"
116019,06_06_2022_23_05,@CoxHelp Had to push hard but finally got a team lead to reach out to on-call tech. Outage issue solved; #CSIssue not #CSFail
116019,06_06_2022_23_05,Next day turnaround on an outage issue? @CoxHelp for the #CSFail when it comes to dealing with outages #CSFail #OutageProbs
CoxHelp,06_06_2022_23_05,"@116020 Hi üéÉ F…ç1sÍùÄ…áNs≈¶…á∆ón üëª, please DM account info including street address so we can look into this.  -Greg https://t.co/ovAKPb0TYC"
116020,06_06_2022_23_05,@CoxHelp It needs to be fixed. Permanently. Now.
CoxHelp,06_06_2022_23_05,@116020 I don't want you to feel this way. What's going on? -Colleen
116020,06_06_2022_23_05,"So @116021 is back fucking me again with my BUSINESS plan internet.

Super cool company.

I don't recommend."
CoxHelp,06_06_2022_23_05,"@116022 Hello, this does not sound good.  Can you DM the account name and complete service address? We would like to help.  -Dan"
116022,06_06_2022_23_05,I‚Äôd like at least one month to go by where I don‚Äôt have to say how crappy the service is with @116021 in #Vegas &amp; how much I despise them
CoxHelp,06_06_2022_23_05,"@116023 Hi Jean-Claude, I hope you do not have any service interruptions. If you need assistance, reach out to us. -Mike"
116023,06_06_2022_23_05,@CoxHelp I just did.
CoxHelp,06_06_2022_23_05,"@116023 Hi, the outage is still open in your area and working to get it restored as quickly as possible. Thanks for your patience. -Mary"
116023,06_06_2022_23_05,@CoxHelp Been lookong forward to binge on #StrangerThingsSeason2 just hope we have internet. a lot of outages in the neighborhood lately.
CoxHelp,06_06_2022_23_05,@116024 Okay great! If you have any further concerns please reach out to us. -Xavier
116024,06_06_2022_23_05,"@116021 Seems like my problem has been resolved, the technicians you sent to the house were very capable and surpassed expectations"
AskeBay,06_06_2022_23_05,@116025 Have you asked the seller yet where it is? See https://t.co/n4jUdNSd5z as they may be able to help out! ^D
116025,06_06_2022_23_05,@AskeBay I have contacted seller but my question to you is when will I receive my product. Your customer service says may be the awb no.  is wrong.
116025,06_06_2022_23_05,@AskeBay I don't care about that I want my product. . I wish I had not opted ebay.but in future I am not going to choose eBay . Because Its the worst
AskeBay,06_06_2022_23_05,"@116025 The seller should have delivered it by then, but as you don't have it just see https://t.co/Yh3pSrspGY if the seller can't help! ^D"
116025,06_06_2022_23_05,@AskeBay I haven't received it as of yet. And I have a contract with you for the delivery of product not with seller.
116025,06_06_2022_23_05,"@AskeBay So, instead of telling me to contact the seller you guys should contact the seller."
AskeBay,06_06_2022_23_05,"@116025 The contract is between you and the seller! They shipped it, but we protect you if you didn't get it if you open a case. ^D"
116025,06_06_2022_23_05,@AskeBay I haven't received anything as of yet. I'll contact seller tomorrow morning. But your service is pathetic.
AskeBay,06_06_2022_23_05,@116025 Did you view our link? We can give a refund if you don't get it! Just look at our guarantee for steps on activating it. ^D
116025,06_06_2022_23_05,@AskeBay I would appreciate that I got the refund of my previous damaged product from eBay. But where are the timelines for delivery.
116025,06_06_2022_23_05,@AskeBay The email address associated with my account is __email__ .
116025,06_06_2022_23_05,@AskeBay I'm not looking for the refund. Just check my account and you would yourself condemn your service and worst packing .
116025,06_06_2022_23_05,@AskeBay And I haven't received it yet so in layman terms you can say I'm Waiting for it from 9th of Oct. How much time can I wait.
116025,06_06_2022_23_05,@AskeBay and so you have provided me the refund for that. But as I was mad about this product so I ordered the same product on 21st .
116025,06_06_2022_23_05,@AskeBay I am looking for the product. Let me tell you something. I bought a similar product on 9th of this month. But that was damaged  .
AskeBay,06_06_2022_23_05,"@116025 If you still can't see this, please DM us your full name, Zip code &amp; item number &amp; we'll advise on this date for you. 2/2^ML"
116025,06_06_2022_23_05,@AskeBay And check with your team. Or else keep my fucking money as you guys have stressed me out. ?@61113
116025,06_06_2022_23_05,@AskeBay @2598 kindly check the above message and do the needful for your worst service.
AskeBay,06_06_2022_23_05,@116025 Thank you for your reply. The estimate delivery date for this order will be available to view in your ‚ÄòPurchase History‚Äô.1/2
116025,06_06_2022_23_05,"@115937 Estimated delivery Wed, 25 Oct - Fri, 27 Oct
You have paid using PaisaPay on 21/10/17. 
but i havent received it yet on 1/11/17."
AskeBay,06_06_2022_23_05,@116026 You can always open a claim https://t.co/xlN11csEfc to get the ball rolling on that coverage! ^BB
116026,06_06_2022_23_05,@AskeBay I did that they closed my case have I lost ¬£120 pounds now because of eBay theft and eBay does not care
AskeBay,06_06_2022_23_05,@116026 Well I would be more than happy to take a look at that claim for you. Could you DM us with more details please? ^BB
116026,06_06_2022_23_05,@AskeBay The delivery company is saying they delivered it to my street won't give address the seller is saying she has proof but no one will show me
AskeBay,06_06_2022_23_05,@116026 Hey James - Could you send us a DM with all the information so we can look into that for you? ^BB
116026,06_06_2022_23_05,@AskeBay what option do I have if I bought something on eBay and wasn't delivered and eBay closed my claim to get the money back?
AskeBay,06_06_2022_23_05,@116027 On a desktop go to item page (view item) &gt; Manage Offers &gt; Change offer settings. You can get that going here. ^CC
116027,06_06_2022_23_05,@AskeBay How do I setup automatic declines? Its not listed in your help centre and I‚Äôm struggling to find the settings
AskeBay,06_06_2022_23_05,@116027 This is to help sell your items. Be sure to set up Automatic Decline in your settings so you don't have to see low offers. ^CC
116027,06_06_2022_23_05,@AskeBay can you remove the best offer facility from buy it now items?? I am selling items that I do not wish to offer ‚Äòbest offer‚Äô
DropboxSupport,06_06_2022_23_05,@116028 ...Cancel Dropbox Business. Hope this helps take care of things for you. üòä 2/2
116028,06_06_2022_23_05,@116029 How can I change my work Dropbox account back to a personal account? I tested the trial version now I want my account to be personal again.
116029,06_06_2022_23_05,We‚Äôre excited to announce the University of Cambridge is using Dropbox Business to power collaboration. https://t.co/SBIyDSyCDK https://t.co/3f69m3x5gF
DropboxSupport,06_06_2022_23_05,"@116030 Hey Justin, apologies for the delay, are you still unable to access the eBook? https://t.co/XvZzHN3eu0 Let us know, thanks!"
116030,06_06_2022_23_05,@116029 FYI was on your solutions/marketing of DB Business and noticed the read the eBook link is broken... https://t.co/aRWCfgYMoO
DropboxSupport,06_06_2022_23_05,"@116031 We understand, and we‚Äôve added your comments to your suggestion. Cheers!"
116031,06_06_2022_23_05,"@DropboxSupport Please do! ‚ÄúAs a user, I would like to hide irrelevant or old contacts from suggestions, in order to make room for relevant ones.‚Äù :)"
DropboxSupport,06_06_2022_23_05,"@116031 Hi there, currently it isn‚Äôt possible to hide the suggestion list, however we can certainly forward this request to our dev team!"
116031,06_06_2022_23_05,"@DropboxSupport How do I remove the suggested contacts in ""Invite people to Paper"" column? I don't have any third party contacts connected."
VirginAtlantic,06_06_2022_23_05,"@116032 Hey James, when did you fly? ^E"
116032,06_06_2022_23_05,@VirginAtlantic can you please update my tier points on my account - thanks.
VirginAtlantic,06_06_2022_23_05,@116033 Sorry to hear this process was so frustrating. ^N
116033,06_06_2022_23_05,"@VirginAtlantic 3 times over an hour on the phone, let‚Äôs just hope everything is correct now I‚Äôd hate for something to be wrong for a special occasion"
VirginAtlantic,06_06_2022_23_05,@116033 Have you spoken to our team on the phone about this? What were you advised? ^H
116033,06_06_2022_23_05,"3rd call to @VirginAtlantic hoping everything is sorted, booked flights for 4 guys and 2 peoples details were incorrect should I be worried?"
BofA_Help,06_06_2022_23_05,@116034 You can send us a message by clicking the link below. ^cr https://t.co/CoOXedUuUC
116034,06_06_2022_23_05,"@116035 refuses to provide me with a copy of my contract, even though they‚Äôre quoting it to justify stealing $800 from me"
BofA_Help,06_06_2022_23_05,"@116034 Hello, we'd like to know more about your Twitter post. Please send us additional details about your concerns. Thank you. ^cr"
BofA_Help,06_06_2022_23_05,@116036 Thank you for taking the time to speak with us today. We appreciate the opportunity to help. ^mg
116036,06_06_2022_23_05,@BofA_Help Thanks
BofA_Help,06_06_2022_23_05,@116036 Thank you for your patience. We'll call you shortly. ^mg
BofA_Help,06_06_2022_23_05,@116037 I made another try to call you and reached your voice-mail. Please return my call at the # given if you still need help. ^kl
116037,06_06_2022_23_05,@BofA_Help Anytime after 12noon today or anytime tomorrow
BofA_Help,06_06_2022_23_05,@116037 We‚Äôre here from 8:00 am-9:00 pm ET Monday-Friday and 11:00 am-8:00pm ET Saturday. When is the best time to reach you? ^ra
116037,06_06_2022_23_05,@BofA_Help Whenever your ready
BofA_Help,06_06_2022_23_05,@116037 I am sorry I missed your call. Please let me know when you are able to talk about your information. ^kl
116037,06_06_2022_23_05,"@BofA_Help Okay, I'm currently on the middle of something, I will return your call shortly thank you"
BofA_Help,06_06_2022_23_05,@116037 I called and left a message for you. Please return my call at the number provided or DM me when you are available.  ^kl
116037,06_06_2022_23_05,"@BofA_Help Thank you because I just was beginning to become comfortable with you all, Everything was going great"
BofA_Help,06_06_2022_23_05,@116037 I'm sorry to see this and want to see how I can help. I will give you a call at the number you previously sent. ^kt
116037,06_06_2022_23_05,"@116035 the the woman says, were regulated by the government they won't let us help you..She literally just blamed the government"
BofA_Help,06_06_2022_23_05,"@116038 Hello, do you have any account related concerns that we can help with? Our Social Care Team is here if you need us. Thanks. ^cr"
116038,06_06_2022_23_05,@116035 i have a question
XboxSupport,06_06_2022_23_05,"@116039 Hi, can you direct message us and explain what issue you need assistance with? ^RM"
116039,06_06_2022_23_05,@XboxSupport week 2 licence wont' validate my minecraft for windows 10 https://t.co/GbY14vW0FP
XboxSupport,06_06_2022_23_05,"@116040 Hello! Most of the time connecting via ethernet can help, or restarting the console, router, and download. ^CO"
116040,06_06_2022_23_05,"@XboxSupport Connection via Ethernet not possible where he is, also there's no file to delete &amp; restart as said before he's done a power cycle?"
XboxSupport,06_06_2022_23_05,"@116040 Canceling the download, powering down the console, unplugging for five full minutes (this clears the cache), and try again. ^CO"
116040,06_06_2022_23_05,"@XboxSupport my brother can't install Forza 7 on his Xbox one, he's already tried a power cycle, what can he do please?"
XboxSupport,06_06_2022_23_05,@116041 to express your interest in seeing those games added to back compat!  2 ^JS
116041,06_06_2022_23_05,@XboxSupport who would I message for backwards compatible game suggestions 2 great games have sat on the fourms since 2015 https://t.co/Hv4lYsUelZ
XboxSupport,06_06_2022_23_05,@116041 Thanks for reaching out! Casting your votes on https://t.co/sGGIDmeHwt is the best way  1 ^JS
XboxSupport,06_06_2022_23_05,"@116042 Hey there! We'd like to DM so we can collect more info, let us know when you're Following us? https://t.co/FIM7Ks4Co5  ^FH"
116043,06_06_2022_23_05,@XboxSupport @116042 Yeah have to reboot game when animals become ill and the strikes and crisis come way to quickly
116044,06_06_2022_23_05,"@XboxSupport @116042 Yes there are many bugs in this game, especially when you try and release animals"
116042,06_06_2022_23_05,"@99 Hi, Will you be fixing the bugs and crashes on Zoo Tycoon: Ultimate Animal Collection Xbox One Version?

Many Thanks"
XboxSupport,06_06_2022_23_05,"@116045 We'd be happy to help, but we could use more info. Could you follow &amp; DM @Xboxsupport with your Gamertag &amp; some details? ^EZ"
116045,06_06_2022_23_05,"@XboxSupport I bought Dying Light from the xbox store and when I play it, it continuously freezes. I want my money back unless we can fix"
XboxSupport,06_06_2022_23_05,@116046 You would need to have an active Game Pass subscription during the promo period to qualify: https://t.co/fMB5Tw1NOB  ^EZ
116046,06_06_2022_23_05,@XboxSupport do you need a active game pass in order to receive the mystery gift from the giveaway?
XboxSupport,06_06_2022_23_05,"@116047 Hi! We're an English support team, if that's ok, we're happy to help! Or our chat team can help: https://t.co/qSynA8s7TB ^CO"
116047,06_06_2022_23_05,J'ai un pb quelqu'un a payer des jeux avec ma cb @XboxSupport üòì pour acheter 210e de jeux...
XboxSupport,06_06_2022_23_05,"@116048 Hello, thanks for reaching out to us. Can you DM us your gamertag and details of what you're seeing? ^CO"
116048,06_06_2022_23_05,"@XboxSupport On Skype I can hear people, but they can't hear me. I've tried different controllers/mic &amp; uninstalling. Please help?"
AirAsiaSupport,06_06_2022_23_05,"@116049 Hi Firdaus, we has respond you via DM,see you there! - Anwar"
116049,06_06_2022_23_05,@AirAsiaSupport what happen to your system. I could not sent my refund info to e form
AzureSupport,06_06_2022_23_05,@116050 Can you post this question to our forum here: https://t.co/923oV1HGoY and send us the link? We'd like to engage an engineer. ^TW
116050,06_06_2022_23_05,@azuresupport #azhelp: why i can't use %env-variable% syntax in my function.json? Trying to deploy Function App but that syntax not working.
AzureSupport,06_06_2022_23_05,"@116051 Are these the steps you followed: https://t.co/FYZZn3qGt8 ? Please DM us your sub ID. ^JN
 https://t.co/EYpi1mphGM"
AzureSupport,06_06_2022_23_05,"@116051 Sorry to hear your having trouble. Could you direct message us with the steps you are following? ^JN
 https://t.co/EYpi1mphGM"
AzureSupport,06_06_2022_23_05,@116052 Excellent! Let us know if you run into any trouble. We're here to help! ^TW
116052,06_06_2022_23_05,"@AzureSupport Thanks for your help:) I've actually decided to use Azure Blob Storage instead, so I don't have to set up a service principal as a non-admin"
AzureSupport,06_06_2022_23_05,@116052 Hello! We have some documentation that may help: https://t.co/WvN5SLVlHj Let us know if we can assist further! ^MH
116052,06_06_2022_23_05,@azuresupport #azTechHelp Is there an easy way to transfer files from Azure File Store to Azure Data Lake?
AlaskaAir,06_06_2022_23_05,@116053 Happy to hear our hardworking team took such good care of you. Thank you for choosing to fly with us. -Kimball
116053,06_06_2022_23_05,Thank you @AlaskaAir for listening and helping when I had an issue today. Great customer service.
AlaskaAir,06_06_2022_23_05,@116054 That's great to hear! Thanks for being such an awesome guest with us! -Sean
116054,06_06_2022_23_05,Wow--great customer service @AlaskaAir! Thank you!
ArgosHelpers,06_06_2022_23_05,@116055 I'm sorry to hear this. Please could you send a DM with your order number so I can look into this for you? - Paul
116055,06_06_2022_23_05,@ArgosHelpers Terrible delivery service even worse paying extra for a time slot #3hourslate
Postmates_Help,06_06_2022_23_05,"@116056 Hey there! DM us the email on your account, please. We can help!"
116056,06_06_2022_23_05,"Hey @116057, if I recieve the wrong order and reported it to support...should I place a new order? Or what...?"
Postmates_Help,06_06_2022_23_05,@116058 So sorry for the trouble! Please DM us your account email so we can look into this.
116058,06_06_2022_23_05,@Postmates_Help order was messed up. Got a $5 refund when I deserve my money back. Food tasted horrible.
Morrisons,06_06_2022_23_05,"@116059 Hi Wendss, sorry to hear this! Please DM me which store you use and I'll look into this :) - Kirsty"
116059,06_06_2022_23_05,@Morrisons why have you discontinued your tinned ravioli in bolognese sauce. It was better than any other!! üò¢
Morrisons,06_06_2022_23_05,"@116060 Hi there, sorry to hear this :( I'll be sure to pass on your feedback :) - Kirsty"
116060,06_06_2022_23_05,"Just so @Morrisons know, orange donuts were a TERRIBLE idea."
AskTarget,06_06_2022_23_05,@116061 Our apologies for any inconvenience. DM us with more details &amp; store location. https://t.co/bEVlRVM6db
116061,06_06_2022_23_05,@AskTarget Thank you for responding. I look forward to working with you.
116061,06_06_2022_23_05,@116062 has disgustingly mismanaged the released of the Crota Pops. You should be ashamed of your distribution and retail staff.
AskTarget,06_06_2022_23_05,@116063 That looks a little melted. DM us with more details for us to help. https://t.co/bEVlRVM6db
116063,06_06_2022_23_05,How can I give this out?  Wtf @116062 https://t.co/OElDh05lPG
AskTarget,06_06_2022_23_05,@116064 Great Suggestion! We have shared your comments with our Marketing Team for review. Thanks for tweeting us.
116064,06_06_2022_23_05,"@AskTarget Looks like Marketing Team didn't think that was a good idea. What is the motto for @116062 again? Something like ""lol Fuck Our Customers""?"
116064,06_06_2022_23_05,@116065 @AskTarget @116062 Can you do something similar for the Crota Funko Pop? This proves that you're capable of letting us know in advance when a limited product will go up for sale. You can still redeem yourselves for that fiasco of a launch. Please don't just randomly throw it up.
116065,06_06_2022_23_05,SNES Classic will go up for Redcard members only at Target dot com at 7 AM PT November 1st https://t.co/5O5WXcpky2 https://t.co/hnRuz3CwmX
GoDaddyHelp,06_06_2022_23_05,"@116066 Yes, we have chat. Live chat is available on the help page Monday through Friday from 5am - 6pm Arizona time in the US."
116066,06_06_2022_23_05,@GoDaddyHelp hey godday do you have a chat support?? I had an issue while im tryin to sync merchandise from printfull to my woocommerce ..
GoDaddyHelp,06_06_2022_23_05,@116067 2/2 Here is an article that explains why that happens: https://t.co/DcHLy9Eiw4 ^Heather
116067,06_06_2022_23_05,@GoDaddyHelp Thank you!
GoDaddyHelp,06_06_2022_23_05,@116067 You're most welcome. :) ^Heather
116067,06_06_2022_23_05,@GoDaddyHelp Shit wrong one https://t.co/Fdvwd8vT22
GoDaddyHelp,06_06_2022_23_05,"@116067 Thanks. It looks like that domain isn't registered with us, though. Do you have any domains with GoDaddy?^W https://t.co/rYq25s2Pfj"
116067,06_06_2022_23_05,@GoDaddyHelp https://t.co/qbjuBeYovF
GoDaddyHelp,06_06_2022_23_05,"@116067 Hi, that's not something we do. If your domain is public, spammers have access to your contact info. What's the domain? ^KJ"
116067,06_06_2022_23_05,@116068 I'd appreciate it if you wouldn't sell my personal info to other companies. You had no right and i'll be reporting you to the BBB
GoDaddyHelp,06_06_2022_23_05,@116067 Ok I do see you registered without privacy. That means your information is public in the whois database. 1/2
GoDaddyHelp,06_06_2022_23_05,@116069 2/2 be transparent about the fix. You can still turn it back on. ^Heather
116070,06_06_2022_23_05,"@GoDaddyHelp @116069 Lies, i set mine to off myself, it was no error or mistake."
116069,06_06_2022_23_05,@116068 I specifically turned off auto renew. Why the hell did you feel the need to change it? This is shady as hell. https://t.co/HPICov83MV
GoDaddyHelp,06_06_2022_23_05,@116069 I'm sorry you feel that way. It was a mistake that it wasn't setup automatically. A lot of people count on it. We emailed to 1/2
CenturyLinkHelp,06_06_2022_23_05,"@116071 I apologize for the poor experience you've had with us. If there is anything that I can help you with, please DM me. -Lexie"
116071,06_06_2022_23_05,@116072 really knows how to celebrate Halloween. I have basically no internet üò† #centurylinksucks
CenturyLinkHelp,06_06_2022_23_05,"@116071 Please let us know if you have any questions, just DM us your account number and any questions you may have. -Lexie"
116071,06_06_2022_23_05,I'm trying to run a speed test but all it says is Network Communication Error after briefly showing 0.02 Mbps #centurylink #centurylinksucks
CenturyLinkHelp,06_06_2022_23_05,"@116073 I apologize for the poor experience you've had with us. If there is anything that I can help you with, please DM me. -Lexie"
116073,06_06_2022_23_05,@CenturyLinkHelp Change your hold music from being a 2 min loop for the love of god.
116073,06_06_2022_23_05,@CenturyLinkHelp And give your call center people a raise for having to deal w/the nonsense created by your robot system that randomly cancels installations.
116073,06_06_2022_23_05,".@116072 I heard you guys were bad; after an install no-show &amp; 25+ min of being on hold, I'm thinking the rumors were true."
CenturyLinkHelp,06_06_2022_23_05,"@116074 Hello Venessa, I would be more than happy to assist you. Please send me a DM. -Katie"
116074,06_06_2022_23_05,@116072 You are the worst! I have to wait three days to get my internet fixed...
AskPapaJohns,06_06_2022_23_05,@116075 Hi there! This would be a question for your local store. Thanks for your time! üòä
116075,06_06_2022_23_05,Aye @116076 why y‚Äôall don‚Äôt deliver to Xavier University of Louisiana??? What‚Äôs beef??
AskPapaJohns,06_06_2022_23_05,@116077 We hate to hear this. Can you DM us what happened?
116077,06_06_2022_23_05,@AskPapaJohns I sure can!
AskPapaJohns,06_06_2022_23_05,@116077 Thanks!
116077,06_06_2022_23_05,I get that it‚Äôs Halloween but this dude at the Canonsburg @116076 is flipping out. Literally screaming. He said he‚Äôs the general managerüò≥
AskPapaJohns,06_06_2022_23_05,@116078 We're so sorry your order is running late! Please DM us your contact info and store address. Thanks!
116078,06_06_2022_23_05,@116076 ordered pizza for a 515 delivery.  Still waiting on it.  Having a halloween party.
UPSHelp,06_06_2022_23_05,@116079 Please DM us your tracking and contact number via the link so we can look into this for you. ^CH https://t.co/wKJHDXWGRQ
116079,06_06_2022_23_05,"Hey @81 you just gained a customer @115817 lost my package I paid for overnight first am delivery, they ""lost"" it hope you can do better"
UPSHelp,06_06_2022_23_05,@116080 Is there something that we can assist you with? DM our team ^WS https://t.co/wKJHDXWGRQ
116080,06_06_2022_23_05,"@UPSHelp Nope, I‚Äôve got my package thanks"
116080,06_06_2022_23_05,Saved my fucking time by just checking my mailbox because sure enough I got the UPS letter saying my package was in oh my gOD
116080,06_06_2022_23_05,"I legitimately spent an hour trying to deal with USPS cause I had 1 question and they just hung up on me or wasn‚Äôt any help, I could have"
AmazonHelp,06_06_2022_23_05,@116081 Hey Georgia! Sorry you haven't received your package. We'd love to help! What does the current tracking say on your order? ^AJ
116081,06_06_2022_23_05,@AmazonHelp but I can‚Äôt find the options to cancel or re-order?
AmazonHelp,06_06_2022_23_05,@116081 I'm sorry for the delay! We'd like to take a further look into this with you! Please reach us here: https://t.co/hApLpMlfHN ^AG
116081,06_06_2022_23_05,@AmazonHelp Thanks for quick response. Pic attached. https://t.co/yNhYE638YS
116081,06_06_2022_23_05,@115821 my order hasn‚Äôt arrived (it was due 14th October). Can you help?
AmazonHelp,06_06_2022_23_05,@116082 Canceling your Prime membership can be done here:https://t.co/MlOxxuNX7N. You'll be shown your estimated refund there. ^SK
116082,06_06_2022_23_05,@AmazonHelp Thats the thing I told customer service. I created a new email address for the Prime trial and forgot it. What can I do so I'm not charged?
AmazonHelp,06_06_2022_23_05,@116082 Hey Corey! Even on the new account you made you can turn of the auto renew through the same link ^SK posted for you. ^AJ
116082,06_06_2022_23_05,@AmazonHelp You have to log in. I don't remember the email address I used. Can you look up the account by my bank information?
AmazonHelp,06_06_2022_23_05,@116082 It would be best if you get in touch with us by phone or chat.use this link to do so:  https://t.co/hApLpMlfHN ^CH
116082,06_06_2022_23_05,@AmazonHelp They sent me the email I sent you guys that said I wasn't gonna be charged. He must have been able to look up my account a different way.
116082,06_06_2022_23_05,@AmazonHelp I tried my phone number but I didnt have a mobile account. I went through this for 2 hours on the phone with someone.
116082,06_06_2022_23_05,@AmazonHelp I called customer service and was told my membership wouldn't be renewed. I was just charged today. How do I get a refund? https://t.co/SeoQUsA0VA
AmazonHelp,06_06_2022_23_05,@116083 I'm sorry to hear you're not able to access your account. Please use this link instead to contact us: https://t.co/zYVX1Qi29G. ^LH
116083,06_06_2022_23_05,"@AmazonHelp I have tried. It‚Äôs not allowing me to access my account to cancel my membership, I haven‚Äôt even used prime in almost 3 months."
AmazonHelp,06_06_2022_23_05,@116083 Hmm... We'd like to take a better look at this with you. Please reach us via phone/chat here: https://t.co/JzP7hlA23B ^KP
116083,06_06_2022_23_05,"@115821 being charged for amazon prime &amp; when I go to cancel it, it‚Äôs saying I‚Äôm not a memberüò†üò†üò†"
AmazonHelp,06_06_2022_23_05,@116084 I'm sorry you've encountered an unknown charge! We'd be happy to look into this with you here: https://t.co/hApLpMlfHN ^BL
116084,06_06_2022_23_05,@AmazonHelp where can I chat with a support member for a false charge
AmazonHelp,06_06_2022_23_05,@116085 Thanks for reaching out to us! You can find info on adding household members here: https://t.co/i3uumZzaok ^MO
116085,06_06_2022_23_05,"@AmazonHelp So essentially still two separate accounts, just sharing payment info? I don't want my family to see my Christmas shopping list üòÇ"
116085,06_06_2022_23_05,@AmazonHelp if I add another adult to my Amazon household (with their own account) can they see my wishlists/photos/order history?
AmazonHelp,06_06_2022_23_05,@116086 Sorry for the inconvenience! Check out how to manage your notifications here: https://t.co/DLN4bDuc5B ^SG
116086,06_06_2022_23_05,Seriously @115821? I order 6 identical washing up bowls and they are all being dispatched as separate orders? My phone is buzzing non-stop!
AmazonHelp,06_06_2022_23_05,@116087 I'm sorry for the long wait; what is your current order status showing when you review it: https://t.co/Y5jpI9gRhE? ^WM
116087,06_06_2022_23_05,"@AmazonHelp My package just got here. All good, thank you!"
AmazonHelp,06_06_2022_23_05,"@116087 Thank you for keeping us posted, Rachael! ^BA"
116087,06_06_2022_23_05,"I ordered some parts of my costume late, but my amazon has a map of the driver and they're like, 6 houses away."
AmazonHelp,06_06_2022_23_05,"@116088 I'm sorry for the frustration, Anthony! Can you tell me more about which pre-order bonuses are missing? ^EA"
116088,06_06_2022_23_05,@AmazonHelp Never got the beta and now I‚Äôm being told I won‚Äôt get ANY of the other stuff. Including Last Jedi content and or bonus classes. Anything! :(
AmazonHelp,06_06_2022_23_05,"@116088 We'd like to see what we can do to help. What date did you place the order on, and which version did you order? ^MB"
116088,06_06_2022_23_05,@AmazonHelp Deluxe edition on September 16th. It definitely had the pre orders on the profile because that‚Äôs why I ordered. Also why I paid for Prime..
AmazonHelp,06_06_2022_23_05,@116088 Could you link us to the page of the item on our website? This will allow us to take a closer look at all options. ^VB
116088,06_06_2022_23_05,@AmazonHelp Star Wars Battlefront 2 Elite Trooper Deluxe Edition Playstation 4 https://t.co/6K7WdDcY2P preorder info is in description. Thanks for help
AmazonHelp,06_06_2022_23_05,@116088 Thanks for the link. We are not a participating retailer to receive the bonus content. Details: https://t.co/hJIrBtSMrl ^BE
116088,06_06_2022_23_05,@AmazonHelp But your website is offering pre order content.... so it‚Äôs just a lie?
116088,06_06_2022_23_05,@AmazonHelp It‚Äôs literally in the description of the item... ‚ÄúPlayers who pre-order Star Wars Battlefront...‚Äù
116088,06_06_2022_23_05,@AmazonHelp @116089 is this real? They‚Äôre offering preorder bonuses but don‚Äôt actually give them out?
116088,06_06_2022_23_05,@AmazonHelp So to get this straight. I get nothing at all for preordering?
116088,06_06_2022_23_05,@AmazonHelp I‚Äôve cancelled my order and gone to Best Buy. Thank you.
116088,06_06_2022_23_05,"@116090 Saying I preordered to early, terrible customer service. Won‚Äôt renew prime if this isn‚Äôt fixed."
116088,06_06_2022_23_05,@116090 I signed up for Prime so I could preorder Battlefront II and get all the bonuses and now cust service is saying I won‚Äôt get bonus
AmazonHelp,06_06_2022_23_05,@116091 Oh no! I'm so sorry to hear this. Was the item sold by Amazon directly or Third-party seller: https://t.co/aaDyEz1VgE. ^LH
116091,06_06_2022_23_05,"@AmazonHelp Fulfilled by Amazon. It‚Äôs quite disturbing you‚Äôre selling counterfeit items, and can‚Äôt be trusted."
AmazonHelp,06_06_2022_23_05,"@116091 We'd like to look into this with you in real time, Bry. When you can, please ring or chat in with us: https://t.co/JzP7hlA23B ^BL"
116091,06_06_2022_23_05,@AmazonHelp Already have and the assistance I received was absolutely useless and rude.
116091,06_06_2022_23_05,Two fake items in one day. Time to cancel my Amazon Prime membership. @AmazonHelp
AmazonHelp,06_06_2022_23_05,"@116092 Oh no, Barton! Have you tried uninstalling and re-installing the app? Perhaps a power cycle too? Please let us know. ^KL"
116092,06_06_2022_23_05,@AmazonHelp I have. No luck.
AmazonHelp,06_06_2022_23_05,@116092 Sorry you're still having trouble! What error are you seeing when you try to use the app? ^JP
116092,06_06_2022_23_05,@115821 please spend time &amp; money to fix your app. Constant issues with it.
AmazonHelp,06_06_2022_23_05,"@116093 Oh no! We'd like to help you with this, Kelly! Can you tell us more about what's happening with the Kindle? Thanks!  ^AJ"
116093,06_06_2022_23_05,@AmazonHelp It‚Äôs not allowing me to update it to register my new amazon account. I read I‚Äôd have to do so manually. Thx 4 response.
AmazonHelp,06_06_2022_23_05,@116093 No problem! You may need to deregister the Kindle from the old account. You can see how here: https://t.co/zyUJKBZObw ^AJ
116093,06_06_2022_23_05,My Kindle not working properly is breaking my heart! üò©üíî
AmazonHelp,06_06_2022_23_05,"@116094 (2/2) Also, for your security, I'd recommend deleting the image, as it contains your tracking number. ^WT"
116094,06_06_2022_23_05,@AmazonHelp that is not my apartment!!!!!!! This is the sending time!!!! Where is my package!!!!!!!!!! https://t.co/EIY6DZUCDC
AmazonHelp,06_06_2022_23_05,@116094 I'm so sorry! We'd like to make sure this is addressed. Please provide some details here: https://t.co/KctVgMFvbp (1/2)
AmazonHelp,06_06_2022_23_05,@116095 I'm sorry you received an incorrect item. Have you checked out our return/replacement options here: https://t.co/FRsodhtXKJ? ^FJ
116095,06_06_2022_23_05,@AmazonHelp Yep. I‚Äôm going to take it to the MegaAlexa at Whole Foods.
116095,06_06_2022_23_05,@116096 Truly. This is the strangest vampire book I‚Äôve ever received. üòú cc @43760 @AmazonHelp #misship https://t.co/Zad7Az14Zg
116096,06_06_2022_23_05,"This is the Japanese vampire book I blurbed. Different, touching, and perfectly constructed. https://t.co/lZAfyKtMpe"
AppleSupport,06_06_2022_23_05,@116097 We'd like to look into this with you. Please DM us your current iOS version and your iPhone model. https://t.co/GDrqU22YpT
116097,06_06_2022_23_05,"Why does my IÔ∏è not work ?! 
@115858 please fix this!!!"
AppleSupport,06_06_2022_23_05,@116098 Let's dig into this further with you. DM us and we'll continue there.
116098,06_06_2022_23_05,@AppleSupport IÔ∏è just updated it and it‚Äôs still coming up https://t.co/22RZsQyTbh
AppleSupport,06_06_2022_23_05,"@116098 We definitely understand your concern. Please backup your iPhone, update and let us know the result: https://t.co/ahjigcvFRG"
116098,06_06_2022_23_05,Why is ‚ÄúIÔ∏è‚Äù keep changing to this and how do IÔ∏è stop itü§¶üèΩ‚Äç‚ôÄÔ∏è @115858 @AppleSupport #anybody https://t.co/urzAfSZL5z
AppleSupport,06_06_2022_23_05,@116099 We're here to help. Which exact iOS version is your device running? This info can be found under Settings &gt; General &gt; About.
116099,06_06_2022_23_05,iOS 11 is killing my battery @115858. Fix it.
AppleSupport,06_06_2022_23_05,@116100 This article should help with that: https://t.co/usOJWy6ChP
116100,06_06_2022_23_05,"@AppleSupport Thanks, thing is I still have like 81 cents in credit and won't let me do that until I have zero credit"
AppleSupport,06_06_2022_23_05,@116100 Try contacting our iTunes Store team here for more help: https://t.co/SDIe7UiyJN
116100,06_06_2022_23_05,"@AppleSupport Awesome, thanks"
116100,06_06_2022_23_05,"@AppleSupport Hello, I need some help regarding the region change on my Apple ID"
AppleSupport,06_06_2022_23_05,@116101 Thanks for clarifying. Let's meet in DM so we can do more in-depth on this. https://t.co/GDrqU22YpT
116101,06_06_2022_23_05,"@AppleSupport it has, but not for some time now. i‚Äôve tried with two different apple ids but it‚Äôs still not showing up on my phone"
AppleSupport,06_06_2022_23_05,@116101 We're happy to help. Has Home Sharing worked with these devices before?
116101,06_06_2022_23_05,@AppleSupport why is my home sharing not working and how do i fix it
AppleSupport,06_06_2022_23_05,@116102 Which model do you have and is iOS 11.1 installed on it? Any steps tried so far?
116102,06_06_2022_23_05,"@AppleSupport iPhone 6, yes ios11. Checked for updates, none available. I‚Äôve swiped up to close the app several times and I‚Äôve restarted it 2x"
AppleSupport,06_06_2022_23_05,"@116102 To make sure, is iOS 11.1 showing here: Settings &gt; General &gt; About &gt; Version? Please DM us the answer here: https://t.co/GDrqU22YpT"
116103,06_06_2022_23_05,@AppleSupport @116102 Battery life just got worst.
AppleSupport,06_06_2022_23_05,"@116103 We'll make sure to get this straightened out. DM us, and we'll see you there. https://t.co/GDrqU22YpT"
116102,06_06_2022_23_05,@AppleSupport Sent twice. Don‚Äôt know if the first one went through but no reply either way.
116102,06_06_2022_23_05,"@AppleSupport I just get a white screen and nothing loads. After a short time, it just closes/crashes. Thanks for the reply."
AppleSupport,06_06_2022_23_05,@116102 We want you to be able to make calls on the iPhone. What exactly is going on with the Phone app?
116102,06_06_2022_23_05,@115858 my PHONE app doesn‚Äôt work. Thank you for updating my #iPhone to an #ipod
AppleSupport,06_06_2022_23_05,@116104 Let us look into that. What device and OS version are you using?
116104,06_06_2022_23_05,@AppleSupport why can‚Äôt I change ringer volume with the buttons? Whose dumb idea was it to change that and how do they still have a job?
AppleSupport,06_06_2022_23_05,@116105  We want to help.  Send us a DM letting us know if you are updated to iOS 11.1 https://t.co/GDrqU22YpT
116105,06_06_2022_23_05,@115858 if my words even mean a thing to you; I am an iPhone 7 owner and have updated to your latest software and now am having the most dropped calls in history and glitch‚Äôs such as apps randomly opening and more ... #iHelp
AppleSupport,06_06_2022_23_05,@116106 We offer support via Twitter in English. Contact us for help in your preferred language here: https://t.co/IBIY3vMgPj
116106,06_06_2022_23_05,@AppleSupport epƒ±l bana yardƒ±mcƒ± olur musun telefon internet konusunda √ßok yakƒ±yo napcaz ?
AppleSupport,06_06_2022_23_05,@116107 Glad to hear and just reach out again if you need help. Have a good one!
116107,06_06_2022_23_05,@AppleSupport Worked üëåüèΩ
AppleSupport,06_06_2022_23_05,@116107 Please keep us posted afterwards.
116107,06_06_2022_23_05,@AppleSupport No I had 11.0.3 but now it says 11.1 update so ima go ahead and do that
AppleSupport,06_06_2022_23_05,@116107 Apps are important and we want you to get back to enjoying them. Which model do you have? Is iOS 11.1 installed on it?
116107,06_06_2022_23_05,why won‚Äôt my apps fuccin download or update @AppleSupport
Uber_Support,06_06_2022_23_05,@116108 Here to help! Send us a note via https://t.co/xMxswVLBKT so our team can connect.
116108,06_06_2022_23_05,@Uber_Support I did. No response.
Uber_Support,06_06_2022_23_05,@116108 We're here to help! Send us a DM with your email address so we can follow up.
116108,06_06_2022_23_05,@115873 wtf is this.. every time I try to use the app it gives me this crap https://t.co/sp7kMe0ogA
Uber_Support,06_06_2022_23_05,@116109 We have followed up via DM.
116109,06_06_2022_23_05,@115877 your app and website still don‚Äôt work
Uber_Support,06_06_2022_23_05,@116110 Here to help! Send us a note via https://t.co/1xM0TILvAI so our team can assist.
116110,06_06_2022_23_05,@Uber_Support Thanks! I appreciate it. Not sure what happened.
116110,06_06_2022_23_05,@115873 hi just for a ride and it seemed to think I wanted to go to my original location. I canceled trip but want to see about being credited
Uber_Support,06_06_2022_23_05,@116111 Here to help! Send us a note via https://t.co/zJ6aIZinzb so our team can connect.
116111,06_06_2022_23_05,"@Uber_Support I already dm y'all about 30 mins ago, check it out it is long and detailed."
Uber_Support,06_06_2022_23_05,@116111 We're currently reviewing your email and will be in touch shortly. We appreciate your patience!
116111,06_06_2022_23_05,@Uber_Support  https://t.co/Fc42zHkmDA
116111,06_06_2022_23_05,Bruh can someone at @115873 @Uber_Support get back to me on my Dms üòíüòíüòíüòí
Uber_Support,06_06_2022_23_05,@116112 We're sorry to hear this was your experience. Send us a note via https://t.co/K05RdmK3t4 so we can assist.
116112,06_06_2022_23_05,.@Uber_Support My driver broke down. Any tips on getting a refund?
Uber_Support,06_06_2022_23_05,@116113 Please DM us with your account email address and phone number so we can look into this. https://t.co/sd7yH5jmbJ
116113,06_06_2022_23_05,@Uber_Support i do not see we're the trid if is listed on the app.. i sent in a few message
Uber_Support,06_06_2022_23_05,@116113 Sorry to hear this was your experience! Please send us a note at https://t.co/K05RdmK3t4 so we can connect right away.
116113,06_06_2022_23_05,@115873 worst most unprofessional driver ever !! asked for extra fee when he showed up ! yelling at me cause uber don't pay for his 30k car??? https://t.co/i5qOULRSnc
Tesco,06_06_2022_23_05,"@116114 Hi there, I've replied to your DM about this. Apologies - Josh"
116114,06_06_2022_23_05,@Tesco are complaints taken seriously? Do you take customer complaints seriously or just pay it lip service???
Tesco,06_06_2022_23_05,"@116115 Hi James, would you be able to let me know how many bottles of lemonade were in stock at the time you were there? Thanks - Callum"
116115,06_06_2022_23_05,@116116 @Tesco  https://t.co/OOFePDl9eC
116116,06_06_2022_23_05,@116115 @Tesco üòÇüòÇüôÑ
116115,06_06_2022_23_05,Ay @Tesco what‚Äôs your policy on bottles of lemonade? 6 bottle max is a bit of a joke am thirsty
Tesco,06_06_2022_23_05,@116117 Finally could you please send me the bottom most row of digits from your receipt. - Nick 3/3
116117,06_06_2022_23_05,"@Tesco Honestly, I don‚Äôt care that much. You should just know that all 6 sausages ended up in the bin"
Tesco,06_06_2022_23_05,"@116117 Hi Rhys, thanks for letting us know. I've log this feed back anonymously. Thanks, James."
116117,06_06_2022_23_05,"@Tesco thought you‚Äôd like to know: these sausages I purchased from you taste awful. Ruined my sausage and mash dinner, I just had mash! https://t.co/xBRP0FxHks"
Tesco,06_06_2022_23_05,"@116117 Hi Rhys, I'm really sorry you've not had a stellar time with our Mor range, I'd like to get an internal log of this 1/3"
Tesco,06_06_2022_23_05,"@116118 The most appropriate action to take, is to ensure this is addressed with the colleague concerned. TY - Chris 2/2"
116118,06_06_2022_23_05,@Tesco You've lost me as a customer
Tesco,06_06_2022_23_05,"@116118 I am sorry to hear that Polly, however we would not offer a gesture for complaints of this nature. TY - Chris"
116118,06_06_2022_23_05,"@Tesco I am a regular customer and spend at least ¬£50 a week with you, so pretty poor apology. Feel like shopping somewhere else"
Tesco,06_06_2022_23_05,"@116118 Are you able to send us your name, address &amp; email by DM please &amp; we will get back to you shortly - Mike 2/2"
116118,06_06_2022_23_05,@Tesco id tell Paul to wash his mouth out with soap. cheers
116118,06_06_2022_23_05,hi @Tesco an answerphone message from your delivery driver ended with him saying 'fuck you' (he obviously thought he'd put the phone down)
Tesco,06_06_2022_23_05,"@116118 Hi Polly, thank you for getting back to us, I have to be honest, giving a gesture is not going to resolve the issues. 1/2"
Delta,06_06_2022_23_05,@116119 Thank you. Please reach out to the Flight Attendants for assistance.  *TMT
116119,06_06_2022_23_05,@Delta I'm On Flight DL4047 to CLE. There is a man in 3A who is moaning in pain and sweating. He's not well.
Delta,06_06_2022_23_05,@116120 Oh! Thanks for noticing! üòÉ *TMT
116120,06_06_2022_23_05,Dear cute flight attendant @delta. I‚Äôm board...just sayin‚Äô
Delta,06_06_2022_23_05,@116121 Great! Please let us know if we can assist.  *HRO
116121,06_06_2022_23_05,@Delta Yes. And isn‚Äôt diverted?!
Delta,06_06_2022_23_05,@116121 I am showing DL 1262 is from LAS JFK?  *HRO
116121,06_06_2022_23_05,@Delta hi. Any news why DL1262 diverted to AUS and DL1738 to SMF? Thanks
Delta,06_06_2022_23_05,@116121 Oh ok.  Thanks for checking with us and we are here for you.  *HRO
Delta,06_06_2022_23_05,@116122 Please follow this link for your request. Thank you.  https://t.co/an5C61CZZt *TMT
116122,06_06_2022_23_05,@Delta I sent you guys a DM about a story! Thanks in advance for any help you can provide. üéÉ
Delta,06_06_2022_23_05,"@116123 Hey there, unfortunately, we are not able to assist with this request.  *TLT"
116123,06_06_2022_23_05,@Delta Bummer! I promised them some info and in my hurry to get to my next flight forgot to leave my business card üò©
Delta,06_06_2022_23_05,@116123 So sorry to disappoint. :-( *TAC
116123,06_06_2022_23_05,"@Delta I was on flight 2222 LAX to ATL at 645am I'm trying to forward a message to one of the FAs, are you able to assist?"
Delta,06_06_2022_23_05,"@116124 Enjoy, have a great week. üòä *TBT"
116124,06_06_2022_23_05,"@Delta I love the sky lounge access. Thank you. Imagine if they had a ""dark or more dim room"" to relax. That's next level!!"
Delta,06_06_2022_23_05,@116121 Oh no! One moment as I take a look.  *HRO
116121,06_06_2022_23_05,@Delta but it now looks like a mistake in @116125 and isn‚Äôt DL‚Äòs fault
Delta,06_06_2022_23_05,"@77483 Hi, Jenna. I apologize for your seating issue. Pls DM your conf # if I may assist, *AAB"
77483,06_06_2022_23_05,@Delta Flights are what they are already. Just frustrated. I got this Amex but no real perks. Wondering when the perks actually happen.
Delta,06_06_2022_23_05,"@77483 We appreciate your feedback, Jenna and thank you for sharing your concerns.  *ABN"
77483,06_06_2022_23_05,@Delta Can I get the 35$ refunded for the seat cost I never got?
Delta,06_06_2022_23_05,@77483 Please use the link to provide your confirmation #. *ABN https://t.co/6iDGBJAc2m
77483,06_06_2022_23_05,@Delta just don‚Äôt know what I gotta do to not be treated like crap. Apparently spending thousands on your Amex isn‚Äôt cutting it.
Delta,06_06_2022_23_05,@116126 I‚Äôd be delighted to assist. Please follow and DM your confirmation number.  *AFC https://t.co/6iDGBJAc2m
116126,06_06_2022_23_05,@Delta booked a code share Korean Air flight on https://t.co/xFTVohudJC; where can I find my confirmation # or ticket # for the KE portion?
Uber_Support,06_06_2022_23_05,@116127 Here to help! Please DM (direct message) us your email address so we can follow up. Thanks!
116127,06_06_2022_23_05,@Uber_Support pls check dm
116127,06_06_2022_23_05,@Uber_Support I have submitted complain against over charging but still not response from uber support!!!!
SpotifyCares,06_06_2022_23_05,"@116128 Got it! Could you try streaming one of our 15 Stranger Things playlists, then switch to the Now Playing screen? /KB"
116128,06_06_2022_23_05,@SpotifyCares I tried it on web browser and it worked! üòä
116128,06_06_2022_23_05,"@SpotifyCares Desktop app still not working, but I got to see the cool thing (Easter egg) so I‚Äôm ecstatic! üòäüòä"
SpotifyCares,06_06_2022_23_05,"@116128 Hmm, let's see. Could you confirm the exact Spotify version of your desktop app? /KB"
116128,06_06_2022_23_05,@SpotifyCares 1.0.65.320.gac7a8e02
SpotifyCares,06_06_2022_23_05,"@116128 Thanks! It's not ideal, but a clean reinstall of the app should help out: https://t.co/EqisDMwZAT. Let us know how it plays out /KB"
116128,06_06_2022_23_05,"@SpotifyCares using a MacBook Pro with OS X El Capitan and the latest Spotify update, and an iPhone 6S with the latest software/Spotify updates!"
SpotifyCares,06_06_2022_23_05,@116128 Hey Jacklynn! The cavalry's here. Could you tell us the device/OS you're using? We'll see what we can suggest /KB
116128,06_06_2022_23_05,Why are my devices not doing the cool thing when I play the #StrangerThings albums on @115888? üò≠
SpotifyCares,06_06_2022_23_05,@116129 Hi Liam! Could you let us know the tracks/albums you're looking for? We'll take a look /RH
116129,06_06_2022_23_05,"@SpotifyCares Made In Germany, Du Bist Gut, Cover Me and 20 Jahre (this one mostly). Because these are missing, a few compilations have greyed out tracks"
SpotifyCares,06_06_2022_23_05,"@116129 2: Spotify content here: https://t.co/0i8GpimuDa. If you have anything else in mind, we're just a tweet away /RH"
SpotifyCares,06_06_2022_23_05,"@116129 1: Thanks! Looks like those albums are currently unavailable. Fingers crossed we'll be able to have them soon, but there's info about..."
116129,06_06_2022_23_05,"@116130 why are Nena's releases between 2002 and 2012 all missing, yet everything else from 1982 - 2017 is there? #sadness #emptyplaylist"
British_Airways,06_06_2022_23_05,"@116131 accept our apologies. We need to be fair to everyone who has unfortunately, also been disrupted 2/2. ^Oliver"
116131,06_06_2022_23_05,"@British_Airways cancels #BA228  D. C. - LHR on 3 Nov, but refuses to give a free upgrade for inconvenience caused. Sad. #LuxuryTravel"
British_Airways,06_06_2022_23_05,@116132 ask if you wish for any help or questions. We're here 24/7 and will respond as quickly as we can 2/2. ^Oliver
116132,06_06_2022_23_05,"Find this terrifying. Hard to use self check out kiosks, grateful @British_Airways &amp; @116133 let me go human recently. https://t.co/q4QBp7fvk2"
British_Airways,06_06_2022_23_05,"@116134 Hi Stephen, follow and DM us more info along with your mum's contact details. ^Helen"
116134,06_06_2022_23_05,"@British_Airways She's been trying to do that, that's the point! You should be contacting her as she can't get through to you via phone or email"
British_Airways,06_06_2022_23_05,@116134 Is your mother able to contact us directly? ^Davina 2/2
116134,06_06_2022_23_05,@British_Airways Can you please contact __email__ and can give you further details please
British_Airways,06_06_2022_23_05,@116134 We're disappointed to hear this Stephen. Is there something you would like our assistance with? ^Kit
116134,06_06_2022_23_05,@British_Airways call centre has the  worst customer serivce ever. keep you on hold for endless hours without an apology. Mum is not happy!
comcastcares,06_06_2022_23_05,"@116135 Hello, I'm sorry to see that you fee this way and I'm happy to help! Can you please DM the full address? ~AT"
116135,06_06_2022_23_05,Obvious PSA: @116136 is evil. Thanks for tuning in!
comcastcares,06_06_2022_23_05,"@116137 Hello, I will be happy to help you. Please DM so we can further assist you, thank you. -DP"
116137,06_06_2022_23_05,@comcastcares Neither SD or HD for NBC or ABC can be seen. An error message says 03059. Rebooting didn‚Äôt help.
comcastcares,06_06_2022_23_05,"@116137 My apologies about that, please send us a Direct Message  so we can look into that for you. -DP"
116137,06_06_2022_23_05,Is this a trick? No NBC WPTV or ABC WPBF in PSL @115900 this afternoon! Why these 2 channels?
comcastcares,06_06_2022_23_05,"@116138 Hello, let me look into that for you. Please DM your account information so we can research this further, thank you. -DP"
116138,06_06_2022_23_05,@116136 like lucky i‚Äôm home but what the fuck
116138,06_06_2022_23_05,"love that @116136 sent people to bury the new cable line....on halloween.....in the middle of trick or treat times, with no notification"
comcastcares,06_06_2022_23_05,"@116139 Hello, thanks for reaching out about your new service concerns and I'm happy to help. Can you please DM the full address? ~AT"
116139,06_06_2022_23_05,"@ComcastCares
 I just opened an account with xfinity and needed the modem. Will it be shipped to my house or do I have to pick it up?"
comcastcares,06_06_2022_23_05,"@116140 I promise we don't you to feel that way. Please, DM me the information requested above so I can help you with this.-JC"
116140,06_06_2022_23_05,"@comcastcares I've called 5 times, no resolution, bill for a house i don't live in still remains, and you all give me the run around to cancel my account"
comcastcares,06_06_2022_23_05,@116140 Hello there! I would like to take a look into your billing issues for you! Can you please send a DM with your fir... https://t.co/mx7zIru1QO
116140,06_06_2022_23_05,@115900 It's interesting how with every natural disaster you try to find a way to screw over those who are already the worst off
116140,06_06_2022_23_05,"@115900 My house was destroyed by Hurricane Irma, I've called you THREE times to place temporary hold, and you STILL send me a bill"
comcastcares,06_06_2022_23_05,@116141 and the phone number associated with your account so I can look into this issue further. Thanks! -KW
116141,06_06_2022_23_05,@comcastcares PAY ATTENTION TO ME
116141,06_06_2022_23_05,@comcastcares what's going on man where's my internet
comcastcares,06_06_2022_23_05,"@116141 Hi, I'll be happy to check on the status of your internet services. Please send a DM with your full name, address,"
AmericanAir,06_06_2022_23_05,@116142 We never want your experience to be anything less than perfect. We're sorry the Wi-Fi was slower than expected.
116142,06_06_2022_23_05,@AmericanAir's wifi makes Amtrak's wifi look pro. At least theirs is free.  @5804 has decent wifi @ reasonable prices. Why not AA?
AmericanAir,06_06_2022_23_05,"@116143 Thanks for the shout-out and for stopping by, Marc! We'll pass this on to our SFO Admirals Club managers."
116143,06_06_2022_23_05,"Wonderful club! @americanair (@ American Airlines Admirals Club in San Francisco, CA) https://t.co/GWFwuGVgNA"
AmericanAir,06_06_2022_23_05,@116144 We're sorry for any difficulties that you've experienced. Please contact our Web Technical Support folks at 800-222-2377.
116144,06_06_2022_23_05,"@AmericanAir already did...changed browsers, did all my techie tricks and still can't make a reservation after 1 hour!!"
AmericanAir,06_06_2022_23_05,@116144 They'll be more than happy to walk you through it and help with the booking process.
116144,06_06_2022_23_05,@AmericanAir been on phone and hold for past 45 mins. looking bleak
116144,06_06_2022_23_05,@AmericanAir ........still....on....hold.....they made the booking. I am trying to pay.....so #frustrating.
AmericanAir,06_06_2022_23_05,@116144 We're sorry for the long wait. The next available agent will be with you as soon as possible.
116144,06_06_2022_23_05,@AmericanAir well now i am told the ticket cost is an additional $200/person to pay....because of the wait....omg
AmericanAir,06_06_2022_23_05,@116144 Fares sell in real time. We're sorry we weren't able to snag the lower fare for you.
116144,06_06_2022_23_05,@AmericanAir i don't think it changes within minutes. This is a scam
116144,06_06_2022_23_05,@AmericanAir finally booked and they honored lower fare....that was still available on line
AmericanAir,06_06_2022_23_05,@116144 We're glad our Reservations team was able to help.
116144,06_06_2022_23_05,"@AmericanAir Me too, but it shouldn't be this hard. Nearly 2 hours."
116144,06_06_2022_23_05,Trying to book a flight on @AmericanAir and an error comes up: System having trouble. Anyone else having problem?
AmericanAir,06_06_2022_23_05,@116145 We're sorry for your frustration. Any damage must be assessed in person within 24 hours of arrival by airport personnel.
116145,06_06_2022_23_05,@AmericanAir Well how much does that help me now?
AmericanAir,06_06_2022_23_05,@116145 An airport agent will be happy to take a look at your bag to assist with a claim but damage must be assessed in person.
116145,06_06_2022_23_05,@AmericanAir I was long gone from the airport by then
AmericanAir,06_06_2022_23_05,"@116145 Our team will need to assess the damage in person, please see an agent for assistance."
116145,06_06_2022_23_05,@AmericanAir No I was not able to
AmericanAir,06_06_2022_23_05,@116145 We always want to take care of your bags. We're you able to file a claim with our Baggage team?
116145,06_06_2022_23_05,Look what @AmericanAir did to my bag. https://t.co/QUeBqf8JJf
AmericanAir,06_06_2022_23_05,@116146 We're happy when you're happy! That sure does look delicious.
116146,06_06_2022_23_05,Big thx 2 @AmericanAir 4 guacamole and margs of thx while the @116147 lounge upgrades are underway #nomnom https://t.co/PCW4Vdxbyf
TMobileHelp,06_06_2022_23_05,@116148 :o Creepy! Happy Halloween! *ArynH
116148,06_06_2022_23_05,@115911    Who‚Äôs looking in your window at night https://t.co/gkUco6aO01
TMobileHelp,06_06_2022_23_05,"@116149 No worries at all! I'll be able to help out 100%! Shoot me a DM, and I'll dive right in! *DannyHarvey"
116149,06_06_2022_23_05,@115911  https://t.co/zc5zheYczx
115911,06_06_2022_23_05,"@116149 I mean...it does say to ""submit your costume pic"" in the original tweet... *ErikS"
116149,06_06_2022_23_05,@115911 This is kinda lame...i created a whole acc just to get told to upload a photo of my costume. I didn't even dress up? https://t.co/B8UvzSlzhp
115911,06_06_2022_23_05,"Happy Halloween! Submit your costume pics with #Thankenstein + #Contest to win a spooky trip to London, plus other scary surprise goodies! https://t.co/9M7XGcE8fx"
TMobileHelp,06_06_2022_23_05,"@116150 We don't want things to come to that point, please DM if there's anything we can help with. *JohnWard"
116150,06_06_2022_23_05,Finally free of the @115911 chains here I come cricket
TMobileHelp,06_06_2022_23_05,@116151 @115913 I've got your DM and will reply shortly. Welcome back! *ZachRicketts
116151,06_06_2022_23_05,@TMobileHelp @115913 John why I am having so much trouble coming back
TMobileHelp,06_06_2022_23_05,"@116151 @115913 Please meet me back in DM, we'll discuss this further. *ZachRicketts"
116151,06_06_2022_23_05,@TMobileHelp @115913 8 hours total  over 3 days and still working on coming back. Why @115913 ?
116152,06_06_2022_23_05,@116151 @TMobileHelp @115913 what is happening in this conversation
116153,06_06_2022_23_05,@116152 @116151 @TMobileHelp @115913 I'm not even a T-Mobile customer. And people like this piss me off. Trolling losers.
116153,06_06_2022_23_05,@116152 @116151 @TMobileHelp @115913 This guy is a fool and a troll.
116151,06_06_2022_23_05,@TMobileHelp @115913 I am not going to a store!  I spend Sunday 6 hours trying to come back and tweeting. Today you are making me go back and front for 1 and 1/2 hours. No Worth it
116153,06_06_2022_23_05,@TMobileHelp @116151 @115913 Quit begging for this idiots business
116153,06_06_2022_23_05,@116151 @TMobileHelp @115913 Because you sound like an idiot. After reading your post you don't know your password the same password you had when you was a customer just a month ago. You sound like a troll. Your the one making this hard you idiot. Can't believe how stupid this generation has become
116151,06_06_2022_23_05,@TMobileHelp @115913 Thanks!
TMobileHelp,06_06_2022_23_05,@116151 @115913 Thank you so much for the DM. We'll be responding in kind shortly for you! https://t.co/lH0SH5fy2m *MikeRice
116151,06_06_2022_23_05,@TMobileHelp @115913 I send DM over to you guys Cassy or Jason were helping me
TMobileHelp,06_06_2022_23_05,"@116151 @115913 We absolutely want you back and we will find a solution today. We see your DM, we will be responding https://t.co/PbJEgtqanO *JeromyBingham"
116151,06_06_2022_23_05,@TMobileHelp @115913 @116154 So you @115913 know! been trying to chat but your team is asking for a pin or password I don‚Äôt have. Making me feel like you don‚Äôt want me back
TMobileHelp,06_06_2022_23_05,"@116151 @115913 @116154 I've sent you a DM with some information, let's get this fixed. https://t.co/PbJEgtqanO *JeromyBingham"
116151,06_06_2022_23_05,@TMobileHelp @115913 @116154 Don‚Äôt get why they are asking for my password
116151,06_06_2022_23_05,@TMobileHelp @115913 John I try to come back to T-Mobile but they want me to go to the store. Maybe @116154 team can help because customer service want me to go to the stores maybe I just stay will my current service. Don‚Äôt seem like u guy want me back
TMobileHelp,06_06_2022_23_05,@116151 @115913 We'd love to see you back on the UnCarrier. DM us and we'll chat reunion options: https://t.co/cuEwtd2epS *DanKing
116151,06_06_2022_23_05,@115913 @2896 I made a mistake a big dumb mistake. I ported my lines to another service. Less then month ago. I miss T-Mobile. Can I come back and have my formal plan please? Should I talk to @116154 team? Because customer service told me I can‚Äôt go to my formal plan.
115913,06_06_2022_23_05,Wow!! Honored to be one of @2896‚Äôs #TheBraveOnes!!  https://t.co/ORNLBSYzDp
TMobileHelp,06_06_2022_23_05,"@116155 Hey, Kashif! Shoot me a DM here https://t.co/QHDTFHxSPu and we'll check out when we're going to #lightitup! *KrystnYogi"
116155,06_06_2022_23_05,@115911 @TMobileHelp when is the 600mhz coming online in #seattle??
TMobileHelp,06_06_2022_23_05,@116156 Let's dig deeper! Please DM so we can find out what's happening there. *JohnWard
116156,06_06_2022_23_05,@115911 once again you are being slow üòë
TMobileHelp,06_06_2022_23_05,@116157 We love your contest entrees! üëçüòÑüíó #HappyHalloween *PatrickUllmann
116157,06_06_2022_23_05,@116158 @115911 Creative! Like it!!
116158,06_06_2022_23_05,#Thankenstein + #Contest @115911 Keeping it creepy!!!! :D https://t.co/QPmzxwIxbv
VirginTrains,06_06_2022_23_05,@116159 Happy the team could help üòä ^CB
116159,06_06_2022_23_05,Thank you @VirginTrains for the advice to make the connection. After a long long day it is appreciated #topwork
SouthwestAir,06_06_2022_23_05,"@116160 We aim to make travel easy as possible and we appreciate the shoutout, Daniel! We can't wait to see you at 35k again soon. ^TL"
116160,06_06_2022_23_05,"@SouthwestAir great airline. No fees to check bags, free drinks and snacks on board. And complimentary Halloween sweets! Great stuff guysüëçüèΩ"
SouthwestAir,06_06_2022_23_05,@116161 You can check out what's available here: https://t.co/q1z88DQ3lg ^SL
116161,06_06_2022_23_05,"@SouthwestAir Found it!! But doesn't seem to work, can you check if funds are available?"
SouthwestAir,06_06_2022_23_05,"@116161 Hey, Jennifer. You have two travel funds, correct? Unfortunately, we don't track travel funds. Do you possibly have the emails? ^SL"
116161,06_06_2022_23_05,@SouthwestAir I have two vouchers but can't seem to track down my confirmation numbers. Anyway to look them up? Thanks!
SouthwestAir,06_06_2022_23_05,@116162 We understand and hope you can snag a great deal soon! ^SL
116162,06_06_2022_23_05,@SouthwestAir You‚Äôd be my first choice! If only money fell in the same category as sky‚Äôs the limit .
SouthwestAir,06_06_2022_23_05,"@116162 The sky is the limit, Kelli! We hope to be the first to welcome you onboard. Check out all the places to go: https://t.co/pVD52pj6Fm ^SL"
116162,06_06_2022_23_05,@SouthwestAir I‚Äôve never been on an airplane. #bucketlist
SouthwestAir,06_06_2022_23_05,"Two free bags for every story. Book a seat and start yours. #175stories 
 https://t.co/PXBMZLCfBO"
SouthwestAir,06_06_2022_23_05,"@116163 What a relaxing view, Susan! Thanks for sharing the great shot and we hope you enjoy the ride with us today. ^TL"
116163,06_06_2022_23_05,@SouthwestAir I loved how your employees embraced the day &amp; made@travel fun!  Glad you like the pic. It's my thank you to you all so enjoy!
SouthwestAir,06_06_2022_23_05,@116163 Halloween is a big deal here at Southwest and we love being a part of the festivities. We're glad to hear you had fun with us today! ^TL
116163,06_06_2022_23_05,Me time in the sky... @southwestair https://t.co/ccjl2JCAfK
SouthwestAir,06_06_2022_23_05,"@116164 Maybe next year? We can't wait to welcome you onboard, Matthew! We hope you have a wonderful flight. ^MK"
116164,06_06_2022_23_05,"@SouthwestAir Bummer, might have to watch my back on Nov. 13 too for Sadie Hawkins day on the airline of LUV. #funnyholidays"
SouthwestAir,06_06_2022_23_05,"@116164 I can't make any promises, but if you ask nicely maybe a Flight Attendant will put your drink on our tab! ^MK"
116164,06_06_2022_23_05,Unlucky not to be flying on @SouthwestAir today and have to wait until Nov. 8th. Would have been nice to have had a free drink on flight.
hulu_support,06_06_2022_23_05,"@116165 Oh no! Does the error pop up at app launch or playback? What device is in use? For now, please try: https://t.co/HXpLyTU79x."
116165,06_06_2022_23_05,"Hey @115940 your app has had a ‚Äúloading error‚Äù for the two weeks, thought I‚Äôd let you know I‚Äôve been paying for aggravation rather than tv"
hulu_support,06_06_2022_23_05,"@116166 Please try uninstalling/reinstalling our iPhone app. If no change, contact us via phone/chat here: https://t.co/6YdK7bvQN7."
116166,06_06_2022_23_05,"@hulu_support Yes, @hulu_support same message: error playing this video, iPhone 7"
hulu_support,06_06_2022_23_05,@116166 Still having trouble? Which device are you using? What error are you seeing? We want to help! 1st try: https://t.co/HXpLyTU79x
116166,06_06_2022_23_05,"@hulu_support I'm getting an error when I try to play episodes. Can you help, please?"
hulu_support,06_06_2022_23_05,"@116167 We do currently offer a 4 networks in many areas, but this will vary by ZIP. We can share the interest in the Durham-area."
116167,06_06_2022_23_05,@hulu_support when will the other 2 major networks stream live on Hulu live?
Uber_Support,06_06_2022_23_05,@116168 Happy to further assist you. Can you please send us a DM with your email address and additional details so we can follow up?
116168,06_06_2022_23_05,@Uber_Support done please check
Uber_Support,06_06_2022_23_05,"@116168 Hi, Singh. Please send us a DM with your account email address and phone number so we can locate your account. Thanks for your patience."
116168,06_06_2022_23_05,kya khassi support hai yaar @Uber_Support. i am an uber rider not driver. they are telling me to take docs to nearby uber office for verification and all i was asked was to update my cellphone number üë∫üë∫
sprintcare,06_06_2022_23_05,@116169 Yes dm please.
116169,06_06_2022_23_05,@sprintcare Yes I do. You want me to dm you or just write it on the comments???
sprintcare,06_06_2022_23_05,"@116169 Hello, do you have an order number we can check for you?"
116169,06_06_2022_23_05,@115714 @177 I haven‚Äôt received no type of new besides my Oder is pending for day.
115714,06_06_2022_23_05,@177 Have you Pre-Ordered yours yet? üëÄ
ChipotleTweets,06_06_2022_23_05,"@116170 Oh behalf of Chipotle, thank YOU! -Becky"
116170,06_06_2022_23_05,"On behalf of all college students, thank you üíï@ChipotleTweets https://t.co/bcXVahRWQK"
sprintcare,06_06_2022_23_05,@116171 Good afternoon. This is distressing. Send me a DM so I can see what happened.
116171,06_06_2022_23_05,"@115714 customer service üëé! 4 different people said they have no idea how to help, the two people who actually have tried did it wrong üò°"
sprintcare,06_06_2022_23_05,"@116172 Hey :)! Let's look into this, DM us. -CS"
116172,06_06_2022_23_05,@sprintcare I called customer care when I tweeted this and they said double charge would be credited. Still no credit.
116172,06_06_2022_23_05,@115714 chk ur latest bill. I paid for note 8 shipping w/debit when ordered. Latest bill shows ship charge. This happened to other friends.
sprintcare,06_06_2022_23_05,@116173 Hey Tiffany! I'd like to work with you on your issues. Can you shoot us a DM for us to have a little chat? -ResolutionSup DC
116173,06_06_2022_23_05,"@sprintcare You‚Äôre a bunch of crooks, you don‚Äôt care about happy customers, y‚Äôall just want money, save me the BS"
sprintcare,06_06_2022_23_05,@116173 This is concerning. What makes you feel this way? What seems to be the issue? We'll be happy to assist. -JD
116173,06_06_2022_23_05,@115714 is honestly trash
Ask_Spectrum,06_06_2022_23_05,@116174 I do apologize that happened. I will be happy to help out and assist. Do you mind talking to me through DM? -JP
116174,06_06_2022_23_05,.@115955 one of your sales reps called me an asshole on the phone! Unbelievable.
Uber_Support,06_06_2022_23_05,@116175 Hello! Thanks for your patience. Please check your DM ( direct messages) for our reply.
116175,06_06_2022_23_05,"@Uber_Support  After contacting you concerning deactivation of my account, it was reactivated but after 48 hrs, ,it has been been deactivated. Please help"
Ask_Spectrum,06_06_2022_23_05,@116176 I'm very sorry to hear that Desiree. This is never a way we'd like to treat any of our valued customers. Please l... https://t.co/ESVASOfHty
116176,06_06_2022_23_05,"@Ask_Spectrum Very disappointing,  to say the least, and unacceptable in my own home.  I'm still shocked."
116176,06_06_2022_23_05,"@Ask_Spectrum No,  it's done now. Just remember to practice kindness with customers please. I don't understand why everyone has been so rude thus far."
Ask_Spectrum,06_06_2022_23_05,@116176 My apologies for any frustrations or poor service you‚Äôve experienced Desiree. Is there anything I may be able to help with? ^AP .
116176,06_06_2022_23_05,I've never had a rude cable guy before until forced to switch to @115955 üòí the people on the phone were rude and now this dude?
AskLyft,06_06_2022_23_05,@116177 We are sorry to hear about this experience. Please DM us your phone number so we can look into this! https://t.co/SXpdictw1A
116177,06_06_2022_23_05,"When u wait 10 mins in cold for @115879 &amp; driver goes to the wrong address, cancels &amp; ur next request goes up $15 bc if rush hr, u get @116178"
AskLyft,06_06_2022_23_05,@116179 Hey there! We'd like to look into this. Please DM us the phone number on your account so we can assist you further.
116179,06_06_2022_23_05,"Why does @115879 sucker you in with s promise that a driver is 1 minute away, then it becomes 6? Is this a Systems problem or fraud?"
ChipotleTweets,06_06_2022_23_05,@116180 Friday will be here before you know it. -Becky
116180,06_06_2022_23_05,@ChipotleTweets We will be back Friday for lunch üëç
ChipotleTweets,06_06_2022_23_05,@116180 Thanks for stopping by! -Becky
116180,06_06_2022_23_05,"The Wild Thing heard there was a $3 special at @ChipotleTweets 4 üëª Halloween &amp; couldn‚Äôt pass it up 

He hopes Chipotle will sponsor his team https://t.co/RkpOQwsVU0"
ChipotleTweets,06_06_2022_23_05,@116181 That shouldn't be happening. Which location did you visit? I'd like to follow up. -Becky
116181,06_06_2022_23_05,@ChipotleTweets I know you guys are busy but don‚Äôt undercook brown rice üôÉüôÉüôÉ
ChipotleTweets,06_06_2022_23_05,@116182 Welcome to my life. What's your usual order? -Becky
116182,06_06_2022_23_05,"@ChipotleTweets Chx burrito bowl all the works, bring on the GUAC!!!ü§óüíñ"
ChipotleTweets,06_06_2022_23_05,@116182 Mmmmm ‚Äì well played. -Becky
116182,06_06_2022_23_05,I'm geekin for sum @ChipotleTweets rightnowü§óüòÇü•ô
ChipotleTweets,06_06_2022_23_05,@116183 What a great looking crew! We appreciate you coming in. -Becky
116183,06_06_2022_23_05,Nothing says Halloween like $3 üåØ burritos and üåÆ tacos @ChipotleTweets https://t.co/kJI7WVXewP
ChipotleTweets,06_06_2022_23_05,"@116184 High five, my friend! -Becky"
116184,06_06_2022_23_05,5th year of getting a boorito! SpoOoOoOky üåØüëª @ChipotleTweets
ChipotleTweets,06_06_2022_23_05,"@116185 Success! Well played, my friend. -Becky"
116185,06_06_2022_23_05,@ChipotleTweets No worries.  I got my four burrito bowls without issue. Lucky me. We beat the lines!
ChipotleTweets,06_06_2022_23_05,"@116185 It's our annual Boorito promotion, and we turn it off for the night. My apologies for any frustration. -Becky"
116185,06_06_2022_23_05,No online orders today?  Really @ChipotleTweets ?  .
Uber_Support,06_06_2022_23_05,@116186 We're here to help! Send us a DM with your email address and more details so we can follow up.
116186,06_06_2022_23_05,@Uber_Support Sent a DM... Hope you could help soon.
116186,06_06_2022_23_05,@Uber_Support Welp... I guess that's one bibimbap order I'm never gonna receive. Good thing I used a first time order promotion. Not a good first impression though.
116186,06_06_2022_23_05,@Uber_Support do you also support ubereats singapore? im reaching out here bec the support there is useless. any chance you could help?
ChipotleTweets,06_06_2022_23_05,@116187 That's very troubling. Please write to us so we can investigate: https://t.co/Ax7W1Dx3Y9 -Becky
116187,06_06_2022_23_05,@ChipotleTweets what is this in my food?? https://t.co/dW5E8d5DxO
ChipotleTweets,06_06_2022_23_05,@116188 I'm right there with you. Here's the full ingredient statement: https://t.co/0BbYN36bdJ -Becky
116188,06_06_2022_23_05,Idk what @ChipotleTweets puts in their salad dressing but holy fack it's delicious #drinkitpouritgottahaveit
ChipotleTweets,06_06_2022_23_05,"@116189 And see ‚Äì we think you're pretty great, too. Thanks for stopping by! -Becky"
116189,06_06_2022_23_05,Shoutout to the best burritos around! Thanks @ChipotleTweets  for the $3 burrito! You the best!
ChipotleTweets,06_06_2022_23_05,@116190 We turned off online ordering tonight for our Boorito promo. My apologies for any frustration. -Becky
116190,06_06_2022_23_05,@ChipotleTweets NOOOOOOOOOO https://t.co/MrbjgkVuzy
116190,06_06_2022_23_05,@ChipotleTweets WHAT THE HECK?! https://t.co/LPAFswpIbL
ChipotleTweets,06_06_2022_23_05,"@116191 Well played, my friend. -Becky"
116191,06_06_2022_23_05,I‚Äôm a undercover boss. Thank you for the $3 @ChipotleTweets. ü§ì https://t.co/Pl2Fv4XLWr
ChipotleTweets,06_06_2022_23_05,@116192 And we love you right back! -Becky
116192,06_06_2022_23_05,I love you @ChipotleTweets
ChipotleTweets,06_06_2022_23_05,@115728 Your baby looks beautiful. -Becky
115728,06_06_2022_23_05,@ChipotleTweets @28 My baby https://t.co/dtiXxMIJyq
ChipotleTweets,06_06_2022_23_05,"@116193 Practice, my friend ‚Äì it takes practice. I have faith in you! -Becky"
116193,06_06_2022_23_05,"Was gonna say I‚Äôm ready for a job at @ChipotleTweets, but my rolling skills suck. https://t.co/CdzgKpYldg"
